{"loss": [0.8521690964698792, 0.7076275944709778, 0.5006532073020935, 0.49675247073173523, 0.384384423494339, 0.3890135586261749, 0.32541710138320923, 0.2710452079772949, 0.23781433701515198, 0.26023590564727783, 0.20064964890480042], "acc": [0.6777777671813965, 0.7611111402511597, 0.8611111044883728, 0.8222222328186035, 0.8722222447395325, 0.8888888955116272, 0.8833333253860474, 0.9166666865348816, 0.9444444179534912, 0.9111111164093018, 0.9333333373069763], "val_loss": [0.7409369945526123, 0.5901514887809753, 0.5111486911773682, 0.4675520658493042, 0.42543187737464905, 0.40572530031204224, 0.3903138339519501, 0.34232404828071594, 0.3210303485393524, 0.3066035509109497, 0.28877589106559753], "val_acc": [0.75, 0.8166666626930237, 0.8500000238418579, 0.8666666746139526, 0.8666666746139526, 0.8500000238418579, 0.8500000238418579, 0.9166666865348816, 0.9166666865348816, 0.9333333373069763, 0.9166666865348816]}