{"loss": [1.3955833911895752, 1.421866774559021, 1.3132877349853516, 1.3138067722320557, 1.1944247484207153, 1.177534818649292, 1.1041827201843262, 1.130537509918213, 1.0214327573776245, 1.0513502359390259], "acc": [0.38333332538604736, 0.35555556416511536, 0.4722222089767456, 0.4277777671813965, 0.46666666865348816, 0.5111111402511597, 0.5722222328186035, 0.5333333611488342, 0.5722222328186035, 0.6222222447395325], "val_loss": [1.4628313779830933, 1.3578450679779053, 1.2758389711380005, 1.2060614824295044, 1.1500953435897827, 1.0953766107559204, 1.047516107559204, 1.004900336265564, 0.9663878679275513, 0.9299724102020264], "val_acc": [0.2666666805744171, 0.3166666626930237, 0.4000000059604645, 0.4333333373069763, 0.4833333194255829, 0.5166666507720947, 0.5333333611488342, 0.5666666626930237, 0.6166666746139526, 0.6666666865348816]}