{"loss": [1.75822114944458, 1.3199552297592163, 1.1719950437545776, 0.9640454053878784, 0.8238149285316467, 0.6748691201210022, 0.5537981390953064, 0.5057982802391052, 0.4939693510532379, 0.357242614030838, 0.2551894187927246, 0.22601845860481262, 0.19036392867565155, 0.1564786434173584, 0.12950770556926727], "acc": [0.32777777314186096, 0.38333332538604736, 0.5222222208976746, 0.6388888955116272, 0.6944444179534912, 0.7611111402511597, 0.8055555820465088, 0.8166666626930237, 0.8333333134651184, 0.855555534362793, 0.9166666865348816, 0.9277777671813965, 0.949999988079071, 0.9388889074325562, 0.9555555582046509], "val_loss": [1.3706337213516235, 1.2489206790924072, 1.1055246591567993, 0.9984476566314697, 0.9579966068267822, 0.9502705931663513, 0.7347602248191833, 1.0719376802444458, 0.5506693124771118, 0.5179494023323059, 0.5310999155044556, 0.5177139043807983, 0.4484194219112396, 0.5080245733261108, 0.5783786773681641], "val_acc": [0.23333333432674408, 0.5166666507720947, 0.6833333373069763, 0.7166666388511658, 0.699999988079071, 0.7333333492279053, 0.699999988079071, 0.6000000238418579, 0.7833333611488342, 0.8333333134651184, 0.8333333134651184, 0.8166666626930237, 0.800000011920929, 0.8833333253860474, 0.7833333611488342]}