{"loss": [1.496358871459961, 1.410198450088501, 1.3404169082641602, 1.2042087316513062, 1.0384010076522827, 0.8489425778388977, 0.7339527606964111, 0.7029173374176025], "acc": [0.24444444477558136, 0.3166666626930237, 0.3611111044883728, 0.5111111402511597, 0.5333333611488342, 0.6833333373069763, 0.699999988079071, 0.7166666388511658], "val_loss": [1.4134601354599, 1.3704166412353516, 1.2899529933929443, 1.1643065214157104, 0.9883711338043213, 0.8892278075218201, 1.0076948404312134, 0.9142946004867554], "val_acc": [0.30000001192092896, 0.30000001192092896, 0.5666666626930237, 0.5666666626930237, 0.6499999761581421, 0.6833333373069763, 0.6833333373069763, 0.7666666507720947]}